Name,Dataset,R2,size
sarma.git,1,0.8385470125688346,55
sarma.git,2,0.9546875042012798,17
sarma.git,3,0.9788957028262171,43
